,mutual_info
fail_ratio,0.48382326098869255
n_success,0.4820948897163362
ends_after_success,0.4810254230258919
ip_active_span_days,0.4513412934195937
ip_total_events,0.4408755535128439
n_failed,0.32914936189514554
ip_sessions_per_day,0.2481373909971687
ip_session_count,0.23147830473526176
targets_default_username,0.1569963396548617
attempts_per_minute,0.13461012174095455
min_inter_arrival_s,0.11938106267998738
std_inter_arrival_s,0.11421528354068244
mean_inter_arrival_s,0.11122902103099519
median_inter_arrival_s,0.10441195970471151
publickey_ratio,0.09497545405671004
n_unique_ports,0.07988600486273922
ip_unique_usernames_targeted,0.06689684111059524
duration_seconds,0.05639629174981953
distinct_ips_same_target_15min,0.023962102080052006
username_entropy,0.018444618076868702
n_unique_usernames,0.013143902137805918
n_invalid_user,0.007355540809741878
invalid_ratio,0.0
