,ood_perm_importance
ip_total_events,0.002565537859212563
ip_session_count,0.0017821643761237516
ends_after_success,0.001540013524630357
ip_active_span_days,0.0013288521765024708
fail_ratio,0.0013250717147780255
targets_default_username,0.0012505066936995047
ip_sessions_per_day,0.0010495891143202263
n_success,0.0009643466204673823
n_failed,0.0006863628789421705
n_unique_ports,0.0005397835160775965
ip_unique_usernames_targeted,0.00035034319771560797
username_entropy,0.00024610778860372217
std_inter_arrival_s,0.00022031624182106135
n_unique_usernames,0.00021588679370190266
distinct_ips_same_target_15min,0.00018125135688495941
attempts_per_minute,6.313067808183526e-05
invalid_ratio,1.0615643308908852e-05
publickey_ratio,9.429737185695507e-06
n_invalid_user,6.70692601643097e-06
min_inter_arrival_s,-2.0901056414524e-05
mean_inter_arrival_s,-0.0001367260455224839
median_inter_arrival_s,-0.00015638048344990274
duration_seconds,-0.0002532759572976273
