,VIF
n_invalid_user,inf
n_unique_ports,inf
n_unique_usernames,6834.96968158098
ip_unique_usernames_targeted,2154.1516298681613
n_failed,1871.3775234454795
mean_inter_arrival_s,1656.5585633435253
median_inter_arrival_s,477.90526859522265
min_inter_arrival_s,439.03572250768644
username_entropy,54.840700102783835
std_inter_arrival_s,36.67830979995069
invalid_ratio,36.358740838961864
n_success,17.040638375827807
ip_total_events,9.199789812714503
ip_session_count,8.75615595704444
ends_after_success,7.456245399845287
duration_seconds,4.82861090532929
fail_ratio,4.527359649571419
attempts_per_minute,4.152222912123858
ip_active_span_days,3.362967247922152
ip_sessions_per_day,2.513691881039726
distinct_ips_same_target_15min,2.0825379305873906
targets_default_username,1.4279330124794118
publickey_ratio,1.4142396350114823
