,perm_importance_mean,perm_importance_std,coefficient_of_variation
ip_total_events,0.0018795028332768584,0.000517762905905954,0.27547865144914385
ends_after_success,0.0012117135897870578,0.000315723794780648,0.26055975392347636
fail_ratio,0.0010030311019642191,0.0002948490298156767,0.29395801310475694
targets_default_username,0.0009821511053415683,0.00031556478886997797,0.3212996321581619
ip_session_count,0.0009117077696641775,0.00022857800475465913,0.25071411296500695
ip_sessions_per_day,0.0006750562384488178,0.00017563167676277498,0.26017340002123573
n_success,0.0006673709496494725,0.00014487891370963476,0.2170890323975451
ip_active_span_days,0.0005871974531144445,0.00026317489822083297,0.44818807851596776
n_failed,0.0005810208966539537,0.00015619621590962765,0.268830633819106
n_unique_ports,0.00040566022847522796,0.00013475757104528183,0.3321932040313657
duration_seconds,0.00033664846085979157,0.00020535417188271814,0.6099958733161852
ip_unique_usernames_targeted,0.00021874724195786546,0.00011484898287610675,0.52503054140554
std_inter_arrival_s,0.0001844802219192661,0.00014966018368288962,0.811253272171286
username_entropy,0.0001631638530937692,0.00010343805024662993,0.6339519954041828
n_unique_usernames,0.0001394879501678714,0.00010034074505393943,0.7193506316006583
distinct_ips_same_target_15min,6.606559204490788e-05,0.00013181467513197358,1.9952091709459439
attempts_per_minute,4.407363359044496e-05,0.00018812797936385822,4.26849261197842
publickey_ratio,5.674171883670217e-06,4.551135180036265e-06,0.8020791885304082
invalid_ratio,3.6877490837972093e-06,3.4531526814128125e-06,0.9363849337214567
n_invalid_user,3.625694949980588e-06,2.263763740619828e-06,0.6243668515554371
median_inter_arrival_s,-4.1193459096829585e-06,0.00016764936102304343,40.698053695603924
min_inter_arrival_s,-0.0001712229641367228,0.00011483135847732348,0.6706539572906225
mean_inter_arrival_s,-0.0002068382095782177,0.00014569409560187218,0.704386756677937
